,unique_target_names
0,TIC438490744
1,TIC147950620
2,TIC458478250
3,TIC344926234
4,TIC78154865
5,TIC365781372
6,TIC270468559
7,TIC121338379
8,TIC375542276
9,TIC468880077
10,TIC459942762
11,TIC280437559
12,TIC425206121
13,TIC178367144
14,TIC138168780
15,TIC73104318
16,TIC422756130
17,TIC285674856
18,TIC241076290
19,TIC348673213
20,TIC292321872
21,TIC294471966
22,TIC409183335
23,TIC286561122
24,TIC311035838
25,TIC327579226
26,TIC365683032
27,TIC241040309
28,TIC312862941
29,TIC137881699
30,TIC149833117
31,TIC368536386
32,TIC376682699
33,TIC376637093
34,TIC327011842
35,TIC44631965
36,TIC142090065
37,TIC198212955
38,TIC138017750
39,TIC26433869
40,TIC353367071
41,TIC272625214
42,TIC129979528
43,TIC341815767
44,TIC457138169
45,TIC371673488
46,TIC15863518
47,TIC389182138
48,TIC235905185
49,TIC191284318
50,TIC358631536
51,TIC274942910
52,TIC233720539
53,TIC38686737
54,TIC117979455
55,TIC328167090
56,TIC154741689
57,TIC427730490
58,TIC321688498
59,TIC393911494
60,TIC285542903
