,id,session,target_name,utc_observed,receiver,ra_hrs,dec_deg,azimuth,elevation,skyfreq,restfreq,observer,target_id,TIC ID
8035,293381,AGBT21A_996_41,TIC438490744,2021-05-31 21:36:00,Rcvr4_6,6.68372631175746,16.589709974395376,243.00459882202148,53.32946128211212,5400000000.0,6500000000.0,OPERATOR,44015.0,438490744
8036,293383,AGBT21A_996_41,TIC438490744,2021-05-31 21:46:26,Rcvr4_6,6.68372561522021,16.589707372268172,245.77657600822448,51.4838439878006,5400000000.0,6500000000.0,OPERATOR,44015.0,438490744
8037,293385,AGBT21A_996_41,TIC438490744,2021-05-31 21:56:58,Rcvr4_6,6.68372509697529,16.589723960999166,248.392856325531,49.58081132731628,5400000000.0,6500000000.0,OPERATOR,44015.0,438490744
2461,58188,AGBT20A_999_41,TIC147950620,2020-06-14 20:37:06,Rcvr4_6,11.1880907317021,69.96478246214129,379.2008694070816,53.80060738883209,5400000000.0,6500000000.0,Bryan Brzycki,43810.0,147950620
2462,58190,AGBT20A_999_41,TIC147950620,2020-06-14 20:47:52,Rcvr4_6,11.1880909799547,69.96477679478274,378.11704775276183,54.47704440913391,5400000000.0,6500000000.0,Bryan Brzycki,43810.0,147950620
2463,58192,AGBT20A_999_41,TIC147950620,2020-06-14 20:58:30,Rcvr4_6,11.1880907839861,69.96477653321426,376.96278592529296,55.1063067372818,5400000000.0,6500000000.0,Bryan Brzycki,43810.0,147950620
193,46096,AGBT19B_999_114,TIC458478250,2019-11-24 23:54:33,Rcvr2_3,15.4764374438693,66.35871036923045,335.0081290878296,27.311964100219726,2400000000.0,2400000000.0,Julia DeMarines,44027.0,458478250
194,46098,AGBT19B_999_114,TIC458478250,2019-11-25 00:05:13,Rcvr2_3,15.4764406981893,66.3586943688303,335.7108034767151,26.439039176322936,2400000000.0,2400000000.0,Julia DeMarines,44027.0,458478250
195,46100,AGBT19B_999_114,TIC458478250,2019-11-25 00:15:51,Rcvr2_3,15.4764369366633,66.35871907412873,336.44172689094546,25.592941706993102,2400000000.0,2400000000.0,Julia DeMarines,44027.0,458478250
169,45994,AGBT19B_999_114,TIC344926234,2019-11-24 14:43:30,Rcvr2_3,10.1038305766987,3.9464932857242228,248.16324910297394,30.84466940722656,2400000000.0,2400000000.0,Julia DeMarines,43949.0,344926234
170,45996,AGBT19B_999_114,TIC344926234,2019-11-24 14:53:58,Rcvr2_3,10.10383121437,3.9464968589812273,250.2118881620407,28.92362839541626,2400000000.0,2400000000.0,Julia DeMarines,43949.0,344926234
171,45998,AGBT19B_999_114,TIC344926234,2019-11-24 15:04:36,Rcvr2_3,10.1038297024422,3.946500482803578,252.2241135515213,26.947140758850097,2400000000.0,2400000000.0,Julia DeMarines,43949.0,344926234
1601,52693,AGBT20A_999_21,TIC344926234,2020-04-18 05:04:20,Rcvr4_6,10.1038310593107,3.946487904947138,247.1237905878067,31.779896682121276,5400000000.0,6500000000.0,Bryan Brzycki,43949.0,344926234
1602,52695,AGBT20A_999_21,TIC344926234,2020-04-18 05:14:57,Rcvr4_6,10.1038306376117,3.946481861535187,249.23815986099243,29.845074480392455,5400000000.0,6500000000.0,Bryan Brzycki,43949.0,344926234
1603,52697,AGBT20A_999_21,TIC344926234,2020-04-18 05:25:26,Rcvr4_6,10.1038314699717,3.9464946248129054,251.25395258846282,27.907999223091124,5400000000.0,6500000000.0,Bryan Brzycki,43949.0,344926234
1132,51257,AGBT20A_999_09,TIC78154865,2020-02-27 01:37:33,Rcvr2_3,9.85782058050163,-4.123319468110526,123.72152885570529,29.546201294281005,2400000000.0,2400000000.0,Howard Isaacson,44064.0,78154865
1133,51259,AGBT20A_999_09,TIC78154865,2020-02-27 01:48:15,Rcvr2_3,9.85781821371918,-4.123341309304046,126.09111031665805,31.268603270866393,2400000000.0,2400000000.0,Howard Isaacson,44064.0,78154865
1134,51261,AGBT20A_999_09,TIC78154865,2020-02-27 01:58:55,Rcvr2_3,9.85781856331785,-4.123343912025744,128.54607185497287,32.93364888987732,2400000000.0,2400000000.0,Howard Isaacson,44064.0,78154865
268,46347,AGBT19B_999_117,TIC365781372,2019-11-30 05:03:30,Rcvr8_10,5.461566558033,7.9185253282786725,149.3129410423279,56.06960064730835,9375000000.0,9375000000.0,Howard Isaacson,43963.0,365781372
269,46349,AGBT19B_999_117,TIC365781372,2019-11-30 05:14:17,Rcvr8_10,5.46156613327795,7.9185232648667565,153.80314668788913,57.075455849983214,9375000000.0,9375000000.0,Howard Isaacson,43963.0,365781372
270,46351,AGBT19B_999_117,TIC365781372,2019-11-30 05:24:56,Rcvr8_10,5.46156646598208,7.918533061566827,158.45407566204074,57.91943437419128,9375000000.0,9375000000.0,Howard Isaacson,43963.0,365781372
4095,81502,AGBT20B_999_15,TIC270468559,2020-09-11 19:08:16,Rcvr4_6,9.02295269857044,6.097088971672627,257.71328588905334,24.513459866859435,5400000000.0,6500000000.0,OPERATOR,43891.0,270468559
4096,81504,AGBT20B_999_15,TIC270468559,2020-09-11 19:18:48,Rcvr4_6,9.02295251292637,6.097086213566787,259.5315017360687,22.485736673690795,5400000000.0,6500000000.0,OPERATOR,43891.0,270468559
4097,81506,AGBT20B_999_15,TIC270468559,2020-09-11 19:29:16,Rcvr4_6,9.02295150435655,6.097087365409576,261.29600366535186,20.460266536094665,5400000000.0,6500000000.0,OPERATOR,43891.0,270468559
781,48394,AGBT19B_999_132,TIC121338379,2020-01-19 08:34:23,Rcvr2_3,8.60604679550363,-3.860202132113647,228.78459474220276,34.95181269011688,2400000000.0,2400000000.0,Bryan Brzycki,43790.0,121338379
782,48396,AGBT19B_999_132,TIC121338379,2020-01-19 08:45:05,Rcvr2_3,8.60604686565465,-3.8602052133247082,231.3639410413742,33.33952612242889,2400000000.0,2400000000.0,Bryan Brzycki,43790.0,121338379
783,48398,AGBT19B_999_132,TIC121338379,2020-01-19 08:55:47,Rcvr2_3,8.60604592494089,-3.8601967086074684,233.8395931400299,31.671583717681884,2400000000.0,2400000000.0,Bryan Brzycki,43790.0,121338379
439,47032,AGBT19B_999_121,TIC375542276,2019-12-15 01:12:56,Rcvr1_2,19.6061122793889,19.639227287465943,284.5707174219132,13.642262881614684,1500000000.0,1500000000.0,Steve Croft,43971.0,375542276
440,47034,AGBT19B_999_121,TIC375542276,2019-12-15 01:23:33,Rcvr1_2,19.6061118147761,19.639233888214417,286.10296150817874,11.638287967063903,1500000000.0,1500000000.0,Steve Croft,43971.0,375542276
441,47036,AGBT19B_999_121,TIC375542276,2019-12-15 01:33:59,Rcvr1_2,19.6061121558761,19.63921830345363,287.62021204605105,9.6885204967041,1500000000.0,1500000000.0,Steve Croft,43971.0,375542276
6223,123589,AGBT20B_996_08,TIC468880077,2021-01-27 23:58:45,Rcvr4_6,3.76697203856076,9.990308899509817,162.05998321952825,60.62919504008484,5400000000.0,6500000000.0,OPERATOR,44032.0,468880077
6224,123591,AGBT20B_996_08,TIC468880077,2021-01-28 00:09:15,Rcvr4_6,3.7669731464152,9.990249695022746,167.25657543125158,61.172835892059325,5400000000.0,6500000000.0,OPERATOR,44032.0,468880077
6225,123593,AGBT20B_996_08,TIC468880077,2021-01-28 00:19:55,Rcvr4_6,3.76697180134932,9.99026253989608,172.68138071479802,61.53620011172485,5400000000.0,6500000000.0,OPERATOR,44032.0,468880077
502,47374,AGBT19B_999_124,TIC459942762,2019-12-21 06:56:18,Rcvr8_10,4.01855466881362,4.540889327272083,249.39624449386596,30.79527921042633,9375000000.0,9375000000.0,Vishal Gajjar,44029.0,459942762
503,47376,AGBT19B_999_124,TIC459942762,2019-12-21 07:07:02,Rcvr8_10,4.01855558330933,4.540887218081123,251.47158226146698,28.80973643622589,9375000000.0,9375000000.0,Vishal Gajjar,44029.0,459942762
504,47378,AGBT19B_999_124,TIC459942762,2019-12-21 07:17:48,Rcvr8_10,4.01855588423844,4.540894500635295,253.48346432819366,26.79401881060791,9375000000.0,9375000000.0,Vishal Gajjar,44029.0,459942762
683,48145,AGBT19B_999_130,TIC280437559,2020-01-11 09:20:06,Rcvr8_10,7.67577177770213,2.0986121971830447,248.73333117141723,27.685729926445006,9375000000.0,9375000000.0,Dave MacMahon,43899.0,280437559
684,48147,AGBT19B_999_130,TIC280437559,2020-01-11 09:30:40,Rcvr8_10,7.67577102461576,2.098604526300238,250.74008485450744,25.739862387992858,9375000000.0,9375000000.0,Dave MacMahon,43899.0,280437559
685,48149,AGBT19B_999_130,TIC280437559,2020-01-11 09:41:00,Rcvr8_10,7.67577263412938,2.0986013774456445,252.64251670017242,23.81398267111969,9375000000.0,9375000000.0,Dave MacMahon,43899.0,280437559
754,48340,AGBT19B_999_132,TIC425206121,2020-01-19 03:44:44,Rcvr2_3,7.43396329165058,7.615772707173612,149.48572358264926,55.722131198265075,2400000000.0,2400000000.0,Bryan Brzycki,44001.0,425206121
755,48342,AGBT19B_999_132,TIC425206121,2020-01-19 03:55:20,Rcvr2_3,7.4339638689291,7.615780243503467,153.86577090396884,56.70678622088623,2400000000.0,2400000000.0,Bryan Brzycki,44001.0,425206121
756,48344,AGBT19B_999_132,TIC425206121,2020-01-19 04:05:52,Rcvr2_3,7.43396366635523,7.615773232386237,158.42434069290164,57.541076606132506,2400000000.0,2400000000.0,Bryan Brzycki,44001.0,425206121
778,48388,AGBT19B_999_132,TIC178367144,2020-01-19 08:02:02,Rcvr2_3,8.22614381412443,-1.9827820580119873,227.7284749425888,37.89075202307892,2400000000.0,2400000000.0,Bryan Brzycki,43835.0,178367144
779,48390,AGBT19B_999_132,TIC178367144,2020-01-19 08:12:36,Rcvr2_3,8.22614613183639,-1.9828013742863129,230.40000340118408,36.32294184527588,2400000000.0,2400000000.0,Bryan Brzycki,43835.0,178367144
780,48392,AGBT19B_999_132,TIC178367144,2020-01-19 08:23:14,Rcvr2_3,8.22614364205683,-1.9827604357688815,232.97404429092407,34.686821168281554,2400000000.0,2400000000.0,Bryan Brzycki,43835.0,178367144
6974,151954,AGBT21A_996_20,TIC138168780,2021-03-29 18:57:58,Rcvr1_2,6.31952907876321,73.82755828218563,20.185224022293085,44.28892022929382,1500000000.0,1500000000.0,OPERATOR,44125.0,138168780
6975,151956,AGBT21A_996_20,TIC138168780,2021-03-29 19:08:40,Rcvr1_2,6.31952433751397,73.827548623262,19.91072138729095,45.00937229953003,1500000000.0,1500000000.0,OPERATOR,44125.0,138168780
6976,151958,AGBT21A_996_20,TIC138168780,2021-03-29 19:19:24,Rcvr1_2,6.31952016463928,73.82755343649762,19.582022036933893,45.72175628504944,1500000000.0,1500000000.0,OPERATOR,44125.0,138168780
982,50786,AGBT20A_999_04,TIC73104318,2020-02-10 04:40:25,Rcvr8_10,4.11476971643187,58.465446518142265,318.48235806598666,42.96916610560608,9375000000.0,9375000000.0,Vishal Gajjar,44545.0,73104318
983,50788,AGBT20A_999_04,TIC73104318,2020-02-10 04:50:58,Rcvr8_10,4.11476940702812,58.46544601141384,318.7191488422394,41.60040802321625,9375000000.0,9375000000.0,Vishal Gajjar,44545.0,73104318
984,50790,AGBT20A_999_04,TIC73104318,2020-02-10 05:01:26,Rcvr8_10,4.11476978735092,58.465452079779354,319.0138914264679,40.249765580513,9375000000.0,9375000000.0,Vishal Gajjar,44545.0,73104318
2225,57558,AGBT20A_999_37,TIC422756130,2020-05-25 18:35:02,Rcvr2_3,1.46144453667847,72.29660210759923,338.00524493637084,45.122845834114074,2400000000.0,2400000000.0,Steve Croft,44488.0,422756130
2226,57560,AGBT20A_999_37,TIC422756130,2020-05-25 18:45:38,Rcvr2_3,1.46144369339221,72.29664535560636,337.754748072052,44.340059226371764,2400000000.0,2400000000.0,Steve Croft,44488.0,422756130
2227,57562,AGBT20A_999_37,TIC422756130,2020-05-25 18:56:21,Rcvr2_3,1.46144467702759,72.29660130418658,337.5567474025726,43.54115254244995,2400000000.0,2400000000.0,Steve Croft,44488.0,422756130
1018,50964,AGBT20A_999_07,TIC285674856,2020-02-17 20:06:36,Rcvr8_10,3.5464141394134,51.88450171735255,411.39641722812655,56.98943740687561,9375000000.0,9375000000.0,Julia DeMarines,44322.0,285674856
1019,50966,AGBT20A_999_07,TIC285674856,2020-02-17 20:17:24,Rcvr8_10,3.54641362218958,51.88449982019896,410.9737761892319,58.63986498675537,9375000000.0,9375000000.0,Julia DeMarines,44322.0,285674856
1020,50968,AGBT20A_999_07,TIC285674856,2020-02-17 20:28:06,Rcvr8_10,3.54641421473779,51.88449055357576,410.39304038658145,60.26362068019104,9375000000.0,9375000000.0,Julia DeMarines,44322.0,285674856
2773,59771,AGBT20A_999_47,TIC241076290,2020-06-28 16:07:36,Rcvr2_3,1.9355193080166,52.58547107129344,309.3043371099472,52.87073916754913,2400000000.0,2400000000.0,Howard Isaacson,44255.0,241076290
2774,59773,AGBT20A_999_47,TIC241076290,2020-06-28 16:18:00,Rcvr2_3,1.93551944838354,52.58547641232926,309.2714693206787,51.292913621284484,2400000000.0,2400000000.0,Howard Isaacson,44255.0,241076290
2775,59775,AGBT20A_999_47,TIC241076290,2020-06-28 16:28:34,Rcvr2_3,1.93551948657941,52.585461741805545,309.33059057178497,49.68977338633728,2400000000.0,2400000000.0,Howard Isaacson,44255.0,241076290
1650,52823,AGBT20A_999_22,TIC348673213,2020-04-19 16:04:55,Rcvr4_6,2.38714945336087,56.57002561420761,34.653703178787225,65.10865039191437,5400000000.0,6500000000.0,Bryan Brzycki,44398.0,348673213
1651,52825,AGBT20A_999_22,TIC348673213,2020-04-19 16:15:40,Rcvr4_6,2.38715185970034,56.57002480887075,32.4458428281784,66.27413458190155,5400000000.0,6500000000.0,Bryan Brzycki,44398.0,348673213
1652,52827,AGBT20A_999_22,TIC348673213,2020-04-19 16:26:13,Rcvr4_6,2.38715092804783,56.570034189292656,29.96638735713958,67.34682506880951,5400000000.0,6500000000.0,Bryan Brzycki,44398.0,348673213
5056,98068,AGBT20B_999_36,TIC292321872,2020-11-13 09:44:09,Rcvr1_2,2.12680859184628,45.50016306427259,-52.26793089923859,27.997933691360473,1500000000.0,1500000000.0,OPERATOR,44335.0,292321872
5057,98070,AGBT20B_999_36,TIC292321872,2020-11-13 09:54:49,Rcvr1_2,2.1268091771147,45.500163795161164,-51.267370377159125,26.353498166419982,1500000000.0,1500000000.0,OPERATOR,44335.0,292321872
5058,98072,AGBT20B_999_36,TIC292321872,2020-11-13 10:05:27,Rcvr1_2,2.12680820459185,45.50015678699267,-50.23785272655488,24.7372687514801,1500000000.0,1500000000.0,OPERATOR,44335.0,292321872
2807,60186,AGBT20A_999_48,TIC294471966,2020-06-30 00:34:53,Rcvr4_6,20.1334244960484,51.36180671114846,44.1747029680252,26.94302088580322,5400000000.0,6500000000.0,OPERATOR,44340.0,294471966
2808,60188,AGBT20A_999_48,TIC294471966,2020-06-30 00:45:37,Rcvr4_6,20.1334248321195,51.361810369319755,45.06442388477325,28.423171108581542,5400000000.0,6500000000.0,OPERATOR,44340.0,294471966
2809,60190,AGBT20A_999_48,TIC294471966,2020-06-30 00:56:05,Rcvr4_6,20.1334256622766,51.36182292057137,45.89558681430816,29.88816148600769,5400000000.0,6500000000.0,OPERATOR,44340.0,294471966
5071,98104,AGBT20B_999_36,TIC409183335,2020-11-13 12:58:25,Rcvr1_2,5.45384936298636,38.59745582029001,-59.59969023284913,25.416157310821532,1500000000.0,1500000000.0,OPERATOR,44468.0,409183335
5072,98106,AGBT20B_999_36,TIC409183335,2020-11-13 13:08:53,Rcvr1_2,5.45385046739396,38.59744313598373,-58.44847003040314,23.655024236061095,1500000000.0,1500000000.0,OPERATOR,44468.0,409183335
5073,98108,AGBT20B_999_36,TIC409183335,2020-11-13 13:19:34,Rcvr1_2,5.45385060723623,38.59745269765455,-57.24901298103333,21.880201166488646,1500000000.0,1500000000.0,OPERATOR,44468.0,409183335
1453,52184,AGBT20A_999_15,TIC286561122,2020-03-23 00:16:52,Rcvr4_6,4.39174488908689,35.49511431975834,-82.75079050884244,58.45458871684265,5400000000.0,6500000000.0,Vishal Gajjar,44325.0,286561122
1454,52186,AGBT20A_999_15,TIC286561122,2020-03-23 00:27:22,Rcvr4_6,4.39174474345668,35.495103915074004,-81.55308225975034,56.4161474164505,5400000000.0,6500000000.0,Vishal Gajjar,44325.0,286561122
1455,52188,AGBT20A_999_15,TIC286561122,2020-03-23 00:37:55,Rcvr4_6,4.39174473587489,35.49511910419952,-80.37793138847348,54.373795455314635,5400000000.0,6500000000.0,Vishal Gajjar,44325.0,286561122
1465,52218,AGBT20A_999_15,TIC286561122,2020-03-23 02:48:57,Rcvr4_6,4.3917443629379,35.4950997183242,-66.31206789836881,29.804401462890624,5400000000.0,6500000000.0,Vishal Gajjar,44325.0,286561122
1466,52220,AGBT20A_999_15,TIC286561122,2020-03-23 02:59:29,Rcvr4_6,4.39174425374334,35.49512169451668,-65.13680437431333,27.919489806510924,5400000000.0,6500000000.0,Vishal Gajjar,44325.0,286561122
1467,52222,AGBT20A_999_15,TIC286561122,2020-03-23 03:09:56,Rcvr4_6,4.39174406130391,35.49512341970806,-63.95479241237638,26.067301100112914,5400000000.0,6500000000.0,Vishal Gajjar,44325.0,286561122
2492,58284,AGBT20A_999_42,TIC311035838,2020-06-20 05:37:50,Rcvr2_3,13.7395947733274,48.02856107028988,304.3550177473068,41.382247870780944,2400000000.0,2400000000.0,Julia DeMarines,44349.0,311035838
2493,58286,AGBT20A_999_42,TIC311035838,2020-06-20 05:48:32,Rcvr2_3,13.7395943193747,48.02856078377568,305.0054909843445,39.65601033530426,2400000000.0,2400000000.0,Julia DeMarines,44349.0,311035838
2494,58288,AGBT20A_999_42,TIC311035838,2020-06-20 05:59:18,Rcvr2_3,13.739594415793,48.02855137524185,305.704383458519,37.93320602736664,2400000000.0,2400000000.0,Julia DeMarines,44349.0,311035838
4988,96993,AGBT20B_999_35,TIC327579226,2020-11-10 04:26:40,Rcvr8_10,0.315744444192849,57.20064897905122,322.4788489002228,61.856976216651915,9375000000.0,9375000000.0,OPERATOR,44376.0,327579226
4989,96995,AGBT20B_999_35,TIC327579226,2020-11-10 04:37:22,Rcvr8_10,0.315745186364778,57.20062720689003,321.3435905236244,60.763694411136626,9375000000.0,9375000000.0,OPERATOR,44376.0,327579226
5011,97054,AGBT20B_999_35,TIC327579226,2020-11-10 09:36:03,Rcvr8_10,0.315745133392387,57.20062332930804,326.6720159906387,22.471923297264098,9375000000.0,9375000000.0,OPERATOR,44376.0,327579226
5012,97056,AGBT20B_999_35,TIC327579226,2020-11-10 09:46:31,Rcvr8_10,0.315744428123164,57.2006342582887,327.61333187999725,21.357894605018615,9375000000.0,9375000000.0,OPERATOR,44376.0,327579226
5013,97058,AGBT20B_999_35,TIC327579226,2020-11-10 09:57:07,Rcvr8_10,0.315745724323969,57.20062675213729,328.59853943767547,20.259063309051513,9375000000.0,9375000000.0,OPERATOR,44376.0,327579226
1613,52739,AGBT20A_999_21,TIC365683032,2020-04-18 08:56:14,Rcvr2_3,20.8119923496448,51.910689183748886,411.8145408290863,52.88357621989441,2400000000.0,2400000000.0,Bryan Brzycki,44421.0,365683032
1614,52741,AGBT20A_999_21,TIC365683032,2020-04-18 09:06:56,Rcvr2_3,20.8119920104738,51.9106928315343,411.7174985069275,54.53193313441467,2400000000.0,2400000000.0,Bryan Brzycki,44421.0,365683032
1615,52743,AGBT20A_999_21,TIC365683032,2020-04-18 09:17:30,Rcvr2_3,20.81199190637,51.91069863477589,411.5070899385452,56.1562574561615,2400000000.0,2400000000.0,Bryan Brzycki,44421.0,365683032
5477,108381,AGBT20B_999_47,TIC365683032,2020-12-11 12:35:59,Rcvr8_10,20.8119915369198,51.91069700428155,32.54253109874725,13.736038273193358,9375000000.0,9375000000.0,OPERATOR,44421.0,365683032
5478,108383,AGBT20B_999_47,TIC365683032,2020-12-11 12:46:43,Rcvr8_10,20.8119930717975,51.91071886881576,33.76927157821655,14.886223142959594,9375000000.0,9375000000.0,OPERATOR,44421.0,365683032
5479,108385,AGBT20B_999_47,TIC365683032,2020-12-11 12:57:12,Rcvr8_10,20.8119918907586,51.91069514158031,34.93692299308776,16.045752828933715,9375000000.0,9375000000.0,OPERATOR,44421.0,365683032
3144,66513,AGBT20A_999_54,TIC241040309,2020-07-18 13:06:04,Rcvr8_10,1.38115501468146,48.955361570117326,304.956594314003,64.19358796439361,9375000000.0,9375000000.0,OPERATOR,44253.0,241040309
3145,66515,AGBT20A_999_54,TIC241040309,2020-07-18 13:16:48,Rcvr8_10,1.38115639908509,48.95536297075376,304.2545743841171,62.463209098197936,9375000000.0,9375000000.0,OPERATOR,44253.0,241040309
3146,66517,AGBT20A_999_54,TIC241040309,2020-07-18 13:27:31,Rcvr8_10,1.38115512490048,48.955363527290245,303.7560107368469,60.722664659835814,9375000000.0,9375000000.0,OPERATOR,44253.0,241040309
1695,52921,AGBT20A_999_22,TIC312862941,2020-04-20 00:22:34,Rcvr4_6,1.02143170895734,55.69799903923379,-30.881567988967902,17.481394475318908,5400000000.0,6500000000.0,Bryan Brzycki,44356.0,312862941
1696,52923,AGBT20A_999_22,TIC312862941,2020-04-20 00:33:02,Rcvr4_6,1.02143103874072,55.697997331917975,-29.78694239673615,16.445525353767394,5400000000.0,6500000000.0,Bryan Brzycki,44356.0,312862941
1697,52925,AGBT20A_999_22,TIC312862941,2020-04-20 00:43:41,Rcvr4_6,1.02143003205519,55.69801372572623,-28.643978033638007,15.426822369911193,5400000000.0,6500000000.0,Bryan Brzycki,44356.0,312862941
4119,81551,AGBT20B_999_15,TIC137881699,2020-09-11 23:33:26,Rcvr4_6,10.0381703378227,53.950829876945924,325.6889005559921,18.143653338768004,5400000000.0,6500000000.0,OPERATOR,44657.0,137881699
4120,81553,AGBT20B_999_15,TIC137881699,2020-09-11 23:44:00,Rcvr4_6,10.0381710814514,53.950809257744986,326.7940725940704,16.992551153518676,5400000000.0,6500000000.0,OPERATOR,44657.0,137881699
4121,81555,AGBT20B_999_15,TIC137881699,2020-09-11 23:54:31,Rcvr4_6,10.0381697411399,53.95084124896615,327.92480608406066,15.881633823730468,5400000000.0,6500000000.0,OPERATOR,44657.0,137881699
2341,57843,AGBT20A_999_39,TIC149833117,2020-06-05 04:12:55,Rcvr2_3,6.97523195289374,67.67733005915717,342.5378133911133,21.978944009162902,2400000000.0,2400000000.0,Vishal Gajjar,44661.0,149833117
2342,57845,AGBT20A_999_39,TIC149833117,2020-06-05 04:23:37,Rcvr2_3,6.97523078428803,67.6773375757382,343.41239592018127,21.36449283919525,2400000000.0,2400000000.0,Vishal Gajjar,44661.0,149833117
2343,57847,AGBT20A_999_39,TIC149833117,2020-06-05 04:34:07,Rcvr2_3,6.97523288194281,67.67731715737303,344.2910232204437,20.791825121261596,2400000000.0,2400000000.0,Vishal Gajjar,44661.0,149833117
4187,81717,AGBT20B_999_17,TIC368536386,2020-09-14 07:13:56,Rcvr4_6,5.96133865135112,36.76580926841724,69.67731794300079,38.41207153163147,5400000000.0,6500000000.0,OPERATOR,44429.0,368536386
4188,81719,AGBT20B_999_17,TIC368536386,2020-09-14 07:24:36,Rcvr4_6,5.96133887384091,36.76582525635209,70.7598521369934,40.38159615359497,5400000000.0,6500000000.0,OPERATOR,44429.0,368536386
4189,81721,AGBT20B_999_17,TIC368536386,2020-09-14 07:35:19,Rcvr4_6,5.9613382393549,36.76581252488822,71.83792849960327,42.37338311038208,5400000000.0,6500000000.0,OPERATOR,44429.0,368536386
4936,96722,AGBT20B_999_33,TIC376682699,2020-11-08 15:36:12,Rcvr8_10,22.6901455358783,69.07445014530218,375.036407317543,22.22119039855194,9375000000.0,9375000000.0,OPERATOR,44437.0,376682699
4937,96724,AGBT20B_999_33,TIC376682699,2020-11-08 15:46:54,Rcvr8_10,22.6901454276907,69.07444752266373,375.87018808307647,22.78178281150055,9375000000.0,9375000000.0,OPERATOR,44437.0,376682699
4938,96726,AGBT20B_999_33,TIC376682699,2020-11-08 15:57:37,Rcvr8_10,22.6901471424231,69.07444169722523,376.68499490203857,23.372061913825988,9375000000.0,9375000000.0,OPERATOR,44437.0,376682699
2058,57181,AGBT20A_999_34,TIC376637093,2020-05-19 22:39:38,Rcvr4_6,22.6723018813763,69.50372602126434,352.2222669977188,19.312935536720275,5400000000.0,6500000000.0,Matt Lebofsky,44436.0,376637093
2059,57183,AGBT20A_999_34,TIC376637093,2020-05-19 22:50:08,Rcvr4_6,22.6723029321725,69.50372109341662,353.1523390668869,19.050958817817687,5400000000.0,6500000000.0,Matt Lebofsky,44436.0,376637093
2060,57185,AGBT20A_999_34,TIC376637093,2020-05-19 23:00:36,Rcvr4_6,22.6723070037693,69.50370898246625,354.0874966043472,18.82363623938751,5400000000.0,6500000000.0,Matt Lebofsky,44436.0,376637093
4933,96716,AGBT20B_999_33,TIC376637093,2020-11-08 15:03:59,Rcvr8_10,22.6723032890098,69.50372462284348,372.2843964952469,21.14152616820526,9375000000.0,9375000000.0,OPERATOR,44436.0,376637093
4934,96718,AGBT20B_999_33,TIC376637093,2020-11-08 15:14:43,Rcvr8_10,22.6723037526296,69.50371746304481,373.1577237504959,21.605505412437438,9375000000.0,9375000000.0,OPERATOR,44436.0,376637093
4935,96720,AGBT20B_999_33,TIC376637093,2020-11-08 15:25:25,Rcvr8_10,22.6723014774064,69.50371646080154,374.01163717689514,22.098903125144957,9375000000.0,9375000000.0,OPERATOR,44436.0,376637093
5404,105918,AGBT20B_999_45,TIC376637093,2020-12-05 09:48:03,Rcvr2_3,22.6723113136809,69.50370908055105,-6.463531051254279,18.97194630465698,2400000000.0,2400000000.0,OPERATOR,44436.0,376637093
5405,105920,AGBT20B_999_45,TIC376637093,2020-12-05 09:58:31,Rcvr2_3,22.6723082617973,69.50371044437246,-5.526329670524603,18.757702177383422,2400000000.0,2400000000.0,OPERATOR,44436.0,376637093
5406,105922,AGBT20B_999_45,TIC376637093,2020-12-05 10:08:57,Rcvr2_3,22.6722991869676,69.50372522886731,-4.584112558937079,18.577591842033385,2400000000.0,2400000000.0,OPERATOR,44436.0,376637093
3138,66500,AGBT20A_999_54,TIC327011842,2020-07-18 11:58:50,Rcvr8_10,1.56445533525467,45.010328927714646,307.88730999412536,77.99950785002899,9375000000.0,9375000000.0,OPERATOR,44374.0,327011842
3139,66502,AGBT20A_999_54,TIC327011842,2020-07-18 12:09:17,Rcvr8_10,1.56445551955865,45.01033668928154,304.2272480386734,76.34572214446258,9375000000.0,9375000000.0,OPERATOR,44374.0,327011842
3140,66504,AGBT20A_999_54,TIC327011842,2020-07-18 12:19:53,Rcvr8_10,1.56445583440752,45.010333510291076,301.53128465595245,74.60313386283111,9375000000.0,9375000000.0,OPERATOR,44374.0,327011842
2285,57701,AGBT20A_999_38,TIC44631965,2020-05-29 19:06:28,Rcvr4_6,1.48242007922229,35.86484113045929,291.85199161949157,33.78202087245178,5400000000.0,6500000000.0,Steve Croft,44514.0,44631965
2286,57703,AGBT20A_999_38,TIC44631965,2020-05-29 19:16:48,Rcvr4_6,1.48242074035191,35.86483694014818,292.96607395591735,31.906942194320678,5400000000.0,6500000000.0,Steve Croft,44514.0,44631965
2287,57705,AGBT20A_999_38,TIC44631965,2020-05-29 19:27:20,Rcvr4_6,1.48242079711044,35.864852397576115,294.11477288188934,30.01097447238159,5400000000.0,6500000000.0,Steve Croft,44514.0,44631965
3897,80983,AGBT20B_999_11,TIC142090065,2020-09-04 07:39:00,Rcvr8_10,5.2715605717857,79.73772520961262,12.179672326469415,42.98477656207275,9375000000.0,9375000000.0,OPERATOR,44659.0,142090065
3898,80985,AGBT20B_999_11,TIC142090065,2020-09-04 07:49:43,Rcvr8_10,5.2715595741075,79.73772383452328,11.92487319889068,43.424449628211974,9375000000.0,9375000000.0,OPERATOR,44659.0,142090065
3899,80987,AGBT20B_999_11,TIC142090065,2020-09-04 08:00:12,Rcvr8_10,5.27156195926444,79.73772110939767,11.645183171653741,43.84505218825531,9375000000.0,9375000000.0,OPERATOR,44659.0,142090065
3352,69511,AGBT20A_999_57,TIC198212955,2020-07-29 08:39:59,Rcvr4_6,16.5702152275181,60.19589615282575,329.09437796058654,24.237127965309142,5400000000.0,6500000000.0,OPERATOR,44185.0,198212955
3353,69513,AGBT20A_999_57,TIC198212955,2020-07-29 08:50:34,Rcvr4_6,16.5702129520058,60.195908545388285,329.9619867462158,23.18402296862793,5400000000.0,6500000000.0,OPERATOR,44185.0,198212955
3354,69515,AGBT20A_999_57,TIC198212955,2020-07-29 09:01:17,Rcvr4_6,16.5702141099581,60.195917928081336,330.872988309288,22.146169012405394,5400000000.0,6500000000.0,OPERATOR,44185.0,198212955
4790,92220,AGBT20B_999_30,TIC138017750,2020-10-26 00:59:55,Rcvr2_3,3.38673639298186,33.07814948858625,67.46495148124694,26.76377958617401,2400000000.0,2400000000.0,OPERATOR,44124.0,138017750
4791,92222,AGBT20B_999_30,TIC138017750,2020-10-26 01:10:29,Rcvr2_3,3.38673633085537,33.078156796762094,68.70670160236358,28.688479131080626,2400000000.0,2400000000.0,OPERATOR,44124.0,138017750
4792,92224,AGBT20B_999_30,TIC138017750,2020-10-26 01:21:13,Rcvr2_3,3.38673701000744,33.078142277747915,69.95739420833587,30.660074418403624,2400000000.0,2400000000.0,OPERATOR,44124.0,138017750
2952,60545,AGBT20A_999_50,TIC26433869,2020-07-03 18:25:53,Rcvr8_10,3.78761640025688,30.1495068601364,280.7148321527481,38.93031186423492,9375000000.0,9375000000.0,OPERATOR,44279.0,26433869
2953,60547,AGBT20A_999_50,TIC26433869,2020-07-03 18:36:29,Rcvr8_10,3.7876159981089,30.149499660421423,282.0486303228378,36.89222997985077,9375000000.0,9375000000.0,OPERATOR,44279.0,26433869
2954,60549,AGBT20A_999_50,TIC26433869,2020-07-03 18:47:01,Rcvr8_10,3.78761625990853,30.1494938653573,283.36247285785674,34.87561649642181,9375000000.0,9375000000.0,OPERATOR,44279.0,26433869
4193,81729,AGBT20B_999_17,TIC353367071,2020-09-14 08:18:22,Rcvr4_6,5.99564985739368,33.50698402129654,80.61417004051208,48.976772492744445,5400000000.0,6500000000.0,OPERATOR,44404.0,353367071
4194,81731,AGBT20B_999_17,TIC353367071,2020-09-14 08:29:06,Rcvr4_6,5.99564978456498,33.50697590777208,81.90600773277282,51.05722255072784,5400000000.0,6500000000.0,OPERATOR,44404.0,353367071
4195,81733,AGBT20B_999_17,TIC353367071,2020-09-14 08:39:51,Rcvr4_6,5.99565021079878,33.50698198650834,83.23133012237548,53.14698523841095,5400000000.0,6500000000.0,OPERATOR,44404.0,353367071
3267,69025,AGBT20A_999_56,TIC272625214,2020-07-27 16:11:39,Rcvr4_6,23.7545689866711,62.14267079463664,-28.01866928157807,24.214565223075866,5400000000.0,6500000000.0,OPERATOR,44296.0,272625214
3268,69027,AGBT20A_999_56,TIC272625214,2020-07-27 16:22:21,Rcvr4_6,23.7545677418114,62.14268290458252,-27.164133582687384,23.241797750808715,5400000000.0,6500000000.0,OPERATOR,44296.0,272625214
3269,69029,AGBT20A_999_56,TIC272625214,2020-07-27 16:32:59,Rcvr4_6,23.7545698501654,62.142676336498624,-26.28432611045838,22.30361468157959,5400000000.0,6500000000.0,OPERATOR,44296.0,272625214
4245,81857,AGBT20B_999_18,TIC129979528,2020-09-17 07:05:52,Rcvr8_10,2.44751141593851,37.55044552834421,90.23160060825347,79.70034486613464,9375000000.0,9375000000.0,OPERATOR,44117.0,129979528
4246,81859,AGBT20B_999_18,TIC129979528,2020-09-17 07:16:10,Rcvr8_10,2.44751091815357,37.55044495872979,92.08265205802917,81.71517199835968,9375000000.0,9375000000.0,OPERATOR,44117.0,129979528
4247,81861,AGBT20B_999_18,TIC129979528,2020-09-17 07:26:47,Rcvr8_10,2.44751145434413,37.55044390815302,94.69975849571227,83.78854638896179,9375000000.0,9375000000.0,OPERATOR,44117.0,129979528
5627,111199,AGBT20B_999_50,TIC341815767,2020-12-21 19:24:39,Rcvr8_10,17.8346748311425,54.636147164681205,315.93030532779693,61.44385701976013,9375000000.0,9375000000.0,OPERATOR,44794.0,341815767
5628,111201,AGBT20B_999_50,TIC341815767,2020-12-21 19:35:03,Rcvr8_10,17.8346748010307,54.63614272290927,314.9641199964523,60.014497106887816,9375000000.0,9375000000.0,OPERATOR,44794.0,341815767
5629,111203,AGBT20B_999_50,TIC341815767,2020-12-21 19:45:41,Rcvr8_10,17.8346740897717,54.63613915385429,314.16599651756286,58.530345028259276,9375000000.0,9375000000.0,OPERATOR,44794.0,341815767
3571,74672,AGBT20B_999_04,TIC457138169,2020-08-14 13:08:38,Rcvr4_6,9.42452574155934,50.90886349825668,413.0331756729126,46.72418362460327,5400000000.0,6500000000.0,OPERATOR,44730.0,457138169
3572,74674,AGBT20B_999_04,TIC457138169,2020-08-14 13:19:10,Rcvr4_6,9.42452555639972,50.90886372327024,413.3242811817169,48.37832338175964,5400000000.0,6500000000.0,OPERATOR,44730.0,457138169
3573,74676,AGBT20B_999_04,TIC457138169,2020-08-14 13:29:52,Rcvr4_6,9.42452561621495,50.908859002695465,413.54581555309295,50.06357139907074,5400000000.0,6500000000.0,OPERATOR,44730.0,457138169
5558,110424,AGBT20B_999_49,TIC371673488,2020-12-20 01:44:43,Rcvr8_10,22.8822121332639,59.8509583493084,320.87214132728576,51.00917345843506,9375000000.0,9375000000.0,Yuhong Chen,44431.0,371673488
5559,110426,AGBT20B_999_49,TIC371673488,2020-12-20 01:55:13,Rcvr8_10,22.8822090525926,59.85095370895844,320.5891897338867,49.70618850550842,9375000000.0,9375000000.0,Yuhong Chen,44431.0,371673488
5560,110428,AGBT20B_999_49,TIC371673488,2020-12-20 02:05:48,Rcvr8_10,22.882209285291,59.85092318593016,320.3980233329773,48.38612324557495,9375000000.0,9375000000.0,Yuhong Chen,44431.0,371673488
5496,108761,AGBT20B_999_48,TIC15863518,2020-12-13 00:47:25,Rcvr8_10,6.70136704191566,39.84291832422641,58.51835748138427,26.18599421343994,9375000000.0,9375000000.0,OPERATOR,44663.0,15863518
5497,108763,AGBT20B_999_48,TIC15863518,2020-12-13 00:57:53,Rcvr8_10,6.70136621553212,39.84291116298093,59.61247881832122,27.948661511756896,9375000000.0,9375000000.0,OPERATOR,44663.0,15863518
5498,108765,AGBT20B_999_48,TIC15863518,2020-12-13 01:08:19,Rcvr8_10,6.70136665202588,39.84292443936132,60.67951520862579,29.725528424598693,9375000000.0,9375000000.0,OPERATOR,44663.0,15863518
4454,86837,AGBT20B_999_25,TIC389182138,2020-10-10 06:51:21,Rcvr4_6,22.9089971066906,54.16180798193224,311.88310941638946,47.80316120944214,5400000000.0,6500000000.0,OPERATOR,44457.0,389182138
4455,86839,AGBT20B_999_25,TIC389182138,2020-10-10 07:01:51,Rcvr4_6,22.9089969737792,54.161803621955706,312.0451953071594,46.272167032577514,5400000000.0,6500000000.0,OPERATOR,44457.0,389182138
4456,86841,AGBT20B_999_25,TIC389182138,2020-10-10 07:12:25,Rcvr4_6,22.9089969900206,54.161811116303845,312.28036602916717,44.73593718371582,5400000000.0,6500000000.0,OPERATOR,44457.0,389182138
5353,104671,AGBT20B_999_44,TIC235905185,2020-12-01 04:15:12,Rcvr8_10,19.3918250789349,78.7542166464382,-10.844184551811225,31.697799628593444,9375000000.0,9375000000.0,OPERATOR,44783.0,235905185
5354,104673,AGBT20B_999_44,TIC235905185,2020-12-01 04:25:52,Rcvr8_10,19.3918215357345,78.75422940398943,-10.437357817268378,31.311502521850585,9375000000.0,9375000000.0,OPERATOR,44783.0,235905185
5355,104675,AGBT20B_999_44,TIC235905185,2020-12-01 04:36:32,Rcvr8_10,19.391822148479,78.75422408872001,-10.013799462890631,30.94011849723053,9375000000.0,9375000000.0,OPERATOR,44783.0,235905185
4999,97028,AGBT20B_999_35,TIC191284318,2020-11-10 07:20:51,Rcvr8_10,0.63819763047666,42.46306636290609,298.69533678474426,37.564997738220214,9375000000.0,9375000000.0,OPERATOR,44179.0,191284318
5000,97030,AGBT20B_999_35,TIC191284318,2020-11-10 07:31:29,Rcvr8_10,0.638197862409966,42.46305544095092,299.5991822141647,35.7425976451416,9375000000.0,9375000000.0,OPERATOR,44179.0,191284318
5001,97032,AGBT20B_999_35,TIC191284318,2020-11-10 07:42:05,Rcvr8_10,0.638196671959583,42.463085530113965,300.52906116428375,33.942261403419494,9375000000.0,9375000000.0,OPERATOR,44179.0,191284318
5662,111853,AGBT20B_999_52,TIC358631536,2020-12-24 18:22:54,Rcvr2_3,21.1716915583948,48.464279098725534,413.964390363121,67.87738210520935,2400000000.0,2400000000.0,OPERATOR,44418.0,358631536
5663,111855,AGBT20B_999_52,TIC358631536,2020-12-24 18:33:30,Rcvr2_3,21.1716921136473,48.46428585295884,412.4271466392517,69.54063600859833,2400000000.0,2400000000.0,OPERATOR,44418.0,358631536
5664,111857,AGBT20B_999_52,TIC358631536,2020-12-24 18:44:00,Rcvr2_3,21.1716919641337,48.46427721241034,410.47924062194824,71.15003651938629,2400000000.0,2400000000.0,OPERATOR,44418.0,358631536
5683,111895,AGBT20B_999_52,TIC274942910,2020-12-24 22:09:36,Rcvr2_3,21.5284334863911,41.79747048718153,288.3138628858566,71.50430805049133,2400000000.0,2400000000.0,OPERATOR,44302.0,274942910
5684,111897,AGBT20B_999_52,TIC274942910,2020-12-24 22:20:06,Rcvr2_3,21.528432974125,41.79747029326132,288.13451966228484,69.55147213301849,2400000000.0,2400000000.0,OPERATOR,44302.0,274942910
5685,111899,AGBT20B_999_52,TIC274942910,2020-12-24 22:30:44,Rcvr2_3,21.5284333805562,41.79747962985232,288.143376316452,67.5723505671997,2400000000.0,2400000000.0,OPERATOR,44302.0,274942910
5871,116500,AGBT20B_996_02,TIC233720539,2021-01-14 01:44:22,Rcvr8_10,18.4252810352284,63.488109731151035,344.2565139192581,15.956585472442626,9375000000.0,9375000000.0,OPERATOR,44782.0,233720539
5872,116502,AGBT20B_996_02,TIC233720539,2021-01-14 01:54:56,Rcvr8_10,18.4252785034492,63.48810612062709,345.3458287376404,15.413722461082457,9375000000.0,9375000000.0,OPERATOR,44782.0,233720539
5873,116504,AGBT20B_996_02,TIC233720539,2021-01-14 02:05:40,Rcvr8_10,18.4252810798167,63.48811257518109,346.4698620695114,14.902230566360473,9375000000.0,9375000000.0,OPERATOR,44782.0,233720539
5886,116542,AGBT20B_996_02,TIC38686737,2021-01-14 05:19:18,Rcvr8_10,3.8577048813217,-10.614093298635995,239.51996942939758,18.332357471801757,9375000000.0,9375000000.0,OPERATOR,43980.0,38686737
5887,116544,AGBT20B_996_02,TIC38686737,2021-01-14 05:29:46,Rcvr8_10,3.85770613096324,-10.614080543586322,241.46720489444732,16.545641487457274,9375000000.0,9375000000.0,OPERATOR,43980.0,38686737
5888,116546,AGBT20B_996_02,TIC38686737,2021-01-14 05:40:27,Rcvr8_10,3.85770648524696,-10.614086535462885,243.40098639907836,14.688882296897887,9375000000.0,9375000000.0,OPERATOR,43980.0,38686737
5949,117575,AGBT20B_996_03,TIC117979455,2021-01-17 05:29:19,Rcvr2_3,4.78684783942261,-17.253361653834247,228.38775595607757,18.632008498527526,2400000000.0,2400000000.0,OPERATOR,43784.0,117979455
5950,117577,AGBT20B_996_03,TIC117979455,2021-01-17 05:39:49,Rcvr2_3,4.78684857076831,-17.253351963500236,230.45244535388946,17.067352598526,2400000000.0,2400000000.0,OPERATOR,43784.0,117979455
5951,117579,AGBT20B_996_03,TIC117979455,2021-01-17 05:50:28,Rcvr2_3,4.78684540739762,-17.253366933762635,232.48879989566802,15.433742469169616,2400000000.0,2400000000.0,OPERATOR,43784.0,117979455
7049,162930,AGBT21A_996_21,TIC328167090,2021-04-04 13:04:51,Rcvr1_2,22.1108907817306,55.68625097848799,392.813364471817,67.45642549357605,1500000000.0,1500000000.0,OPERATOR,44377.0,328167090
7050,162932,AGBT21A_996_21,TIC328167090,2021-04-04 13:15:28,Rcvr1_2,22.1108923681076,55.6862468975079,390.08123418273925,68.54315466246796,1500000000.0,1500000000.0,OPERATOR,44377.0,328167090
7051,162934,AGBT21A_996_21,TIC328167090,2021-04-04 13:26:13,Rcvr1_2,22.1108917203865,55.68624566160787,386.9279487985611,69.54992181620788,1500000000.0,1500000000.0,OPERATOR,44377.0,328167090
6805,130400,AGBT21A_996_14,TIC154741689,2021-03-17 06:56:40,Rcvr4_6,10.9542461570243,89.0869178919949,359.26024397792816,39.41212779841614,5400000000.0,6500000000.0,OPERATOR,,154741689
6806,130402,AGBT21A_996_14,TIC154741689,2021-03-17 07:07:22,Rcvr4_6,10.9542043407856,89.086906159955,359.20966824474334,39.38449568114471,5400000000.0,6500000000.0,OPERATOR,,154741689
6807,130404,AGBT21A_996_14,TIC154741689,2021-03-17 07:17:55,Rcvr4_6,10.9542513991758,89.086889085749,359.16154941501617,39.355522459365844,5400000000.0,6500000000.0,OPERATOR,,154741689
6825,139622,AGBT21A_996_15,TIC427730490,2021-03-22 20:38:42,Rcvr8_10,23.4849774193952,71.5064678602976,-22.766603623008734,46.06830305419159,9375000000.0,9375000000.0,OPERATOR,,427730490
6826,139624,AGBT21A_996_15,TIC427730490,2021-03-22 20:49:13,Rcvr8_10,23.4849793583646,71.5064700830211,-23.0665604215622,45.26530331931305,9375000000.0,9375000000.0,OPERATOR,,427730490
6827,139626,AGBT21A_996_15,TIC427730490,2021-03-22 20:59:47,Rcvr8_10,23.4849785572447,71.50646762572865,-23.309681211090094,44.449407523490905,9375000000.0,9375000000.0,OPERATOR,,427730490
6837,139648,AGBT21A_996_15,TIC321688498,2021-03-22 22:53:26,Rcvr8_10,21.4399674275026,68.64052457639077,-19.60269132671357,25.209916895248412,9375000000.0,9375000000.0,OPERATOR,,321688498
6838,139650,AGBT21A_996_15,TIC321688498,2021-03-22 23:03:46,Rcvr8_10,21.4399657697006,68.64052503269735,-18.87554982719422,24.541875189163207,9375000000.0,9375000000.0,OPERATOR,,321688498
6839,139652,AGBT21A_996_15,TIC321688498,2021-03-22 23:14:32,Rcvr8_10,21.4399740751148,68.64050488854174,-18.094163332557684,23.87214369139862,9375000000.0,9375000000.0,OPERATOR,,321688498
6934,148328,AGBT21A_996_19,TIC393911494,2021-03-28 11:38:19,Rcvr2_3,13.8118914219214,44.91176149790801,302.26865073623657,36.32570452056122,2400000000.0,2400000000.0,OPERATOR,,393911494
6935,148330,AGBT21A_996_19,TIC393911494,2021-03-28 11:49:01,Rcvr2_3,13.8118903340459,44.911746797995754,303.1322576660156,34.55882078967285,2400000000.0,2400000000.0,OPERATOR,,393911494
6936,148332,AGBT21A_996_19,TIC393911494,2021-03-28 11:59:35,Rcvr2_3,13.8118913139421,44.91175642107249,304.01810010852813,32.83106512389374,2400000000.0,2400000000.0,OPERATOR,,393911494
7387,194952,AGBT21A_996_27,TIC285542903,2021-04-19 17:49:25,Rcvr4_6,0.884664039022025,60.61811644147571,-25.05681851921082,63.702443307258605,5400000000.0,6500000000.0,OPERATOR,,285542903
7388,194954,AGBT21A_996_27,TIC285542903,2021-04-19 17:59:55,Rcvr4_6,0.884663184379389,60.618097230668525,-27.079906855201727,62.798544233657836,5400000000.0,6500000000.0,OPERATOR,,285542903
7389,194956,AGBT21A_996_27,TIC285542903,2021-04-19 18:10:39,Rcvr4_6,0.884665182717337,60.618096461684075,-28.937728200531012,61.81039697489929,5400000000.0,6500000000.0,OPERATOR,,285542903
